Date,Open,High,Low,Close,Volume
1/2/2018 16:00:00,52.64,52.85,50.35,52.07,4226712
1/3/2018 16:00:00,52.8,57.42,52.72,55.44,9911844
1/4/2018 16:00:00,51.56,52.78,50.21,51.24,9392607
1/5/2018 16:00:00,48.06,48.99,46.13,46.28,13007892
1/8/2018 16:00:00,45.14,48.36,42.79,47.47,12031446
1/9/2018 16:00:00,46.75,48.11,44.26,44.73,7244491
1/10/2018 16:00:00,43.2,45.75,42.91,44.71,5157043
1/11/2018 16:00:00,45,45.61,43.7,43.87,3332324
1/12/2018 16:00:00,44.5,44.57,43.05,43.38,3724498
1/16/2018 16:00:00,43.41,43.75,39.1,39.19,7956518
1/17/2018 16:00:00,39.47,42.09,39.47,41.54,6603145
1/18/2018 16:00:00,41.2,41.84,40.66,40.76,2728936
1/19/2018 16:00:00,40.61,41.35,40.1,40.22,1967863
1/22/2018 16:00:00,40.1,43.82,39.53,43.62,5429555
1/23/2018 16:00:00,45.64,46.75,42.54,42.62,8382081
1/24/2018 16:00:00,43.44,43.9,41.3,42.25,3546287
1/25/2018 16:00:00,42.85,44.7,41.85,44.1,3933358
1/26/2018 16:00:00,44.36,44.89,42.77,42.91,3280543
1/29/2018 16:00:00,42.25,43.36,41.91,42.36,1795846
1/30/2018 16:00:00,41.25,42.23,40.8,41.52,2807173
1/31/2018 16:00:00,42.3,42.3,40.48,40.62,2245854
2/1/2018 16:00:00,40.35,41.73,39.42,39.92,2521689
2/2/2018 16:00:00,40.57,42.12,40,40.46,2846383
2/5/2018 16:00:00,39.97,41.86,39.52,40.17,2848181
2/6/2018 16:00:00,39.01,42,39.01,41.9,2636989
2/7/2018 16:00:00,42.73,46.45,42.55,45.69,4760397
2/8/2018 16:00:00,46.04,47.35,43.56,43.7,5320436
2/9/2018 16:00:00,45,45.35,40.1,42.46,3590670
2/12/2018 16:00:00,43.56,44,41.83,43.23,1967379
2/13/2018 16:00:00,42.22,43.69,42.14,43.02,1278119
2/14/2018 16:00:00,42.95,46.1,42.87,44.85,3434127
2/15/2018 16:00:00,45.8,46.1,44.37,45.64,2061708
2/16/2018 16:00:00,45.6,49.4,45.4,48.13,6183410
2/20/2018 16:00:00,50.45,51.75,49.48,51.18,7554968
2/21/2018 16:00:00,52.03,52.7,49.14,51.1,12715582
2/22/2018 16:00:00,40.39,44.33,39.75,42.05,24022573
2/23/2018 16:00:00,42.92,43.2,41.38,41.52,6155164
2/26/2018 16:00:00,41.82,42.15,40.21,40.44,5135042
2/27/2018 16:00:00,40.3,41.39,40.28,40.91,3080949
2/28/2018 16:00:00,41.1,41.8,40.5,40.77,2159617
3/1/2018 16:00:00,40.21,40.88,38.38,38.72,4438023
3/2/2018 16:00:00,38.11,38.65,37.33,37.57,3630697
3/5/2018 16:00:00,37.6,40.12,37.4,39,3303154
3/6/2018 16:00:00,39.8,40.14,38.5,38.58,2702716
3/7/2018 16:00:00,37.76,39.6,37.76,38.89,2092186
3/8/2018 16:00:00,39.2,39.47,38.05,38.69,1868880
3/9/2018 16:00:00,38.8,39.56,38.5,38.5,1891854
3/12/2018 16:00:00,38.4,39.09,37.16,37.87,3154539
3/13/2018 16:00:00,37.67,38.4,37.05,37.37,3752647
3/14/2018 16:00:00,37.2,37.8,36.8,36.93,2167140
3/15/2018 16:00:00,36.81,37.03,35.3,36.27,2982607
3/16/2018 16:00:00,36,36.15,35.38,35.86,1900717
3/19/2018 16:00:00,35.44,35.79,33.25,33.85,3583076
3/20/2018 16:00:00,35.37,35.5,33.58,34.73,3663666
3/21/2018 16:00:00,34.5,35.11,34.2,34.25,1748759
3/22/2018 16:00:00,33.54,33.98,32.34,33.51,2607673
3/23/2018 16:00:00,32.92,33.6,31.8,32.06,3171492
3/26/2018 16:00:00,32.85,35.45,32.85,34.59,5476389
3/27/2018 16:00:00,33.55,34.63,32.6,33,9532729
3/28/2018 16:00:00,33.08,34.04,30.81,31.3,5184730
3/29/2018 16:00:00,31.34,32.75,29.8,31.1,6457873
4/2/2018 16:00:00,30.57,31.67,29.8,30.33,3253472
4/3/2018 16:00:00,30.97,31.19,29.18,30.29,4481721
4/4/2018 16:00:00,29.03,32.46,29,32.27,3211625
4/5/2018 16:00:00,32.77,33.05,31.15,31.76,3095553
4/6/2018 16:00:00,31.06,31.9,30.69,31.36,1364921
4/9/2018 16:00:00,31.32,32.96,31.27,32.61,2090847
4/10/2018 16:00:00,33.35,33.49,31.61,32.27,3197347
4/11/2018 16:00:00,31.92,32.8,31.25,32.01,1673911
4/12/2018 16:00:00,32.2,33.92,32.12,33.69,2354044
4/13/2018 16:00:00,33.93,34.04,32.55,32.69,1926837
4/16/2018 16:00:00,32.88,33.24,32.14,33.02,2325614
4/17/2018 16:00:00,35.35,37.27,34.65,35.98,13923158
4/18/2018 16:00:00,34.54,35.18,31.71,31.72,15597778
4/19/2018 16:00:00,32.24,33.31,31.75,32.7,7067871
4/20/2018 16:00:00,32.61,32.94,30.87,32.57,5022151
4/23/2018 16:00:00,32.53,32.68,31.56,32.27,2114107
4/24/2018 16:00:00,32.46,33.34,31.71,32.4,2892759
4/25/2018 16:00:00,32.41,32.53,31.36,31.88,1668360
4/26/2018 16:00:00,32.12,33.38,31.9,32.91,2175239
4/27/2018 16:00:00,32.95,33.08,32.11,32.7,1211023
4/30/2018 16:00:00,32.76,33.39,32.18,32.54,1640778
5/1/2018 16:00:00,32.38,33.17,31.82,32.97,2133090
5/2/2018 16:00:00,32.79,33.75,32.71,33.36,2645934
5/3/2018 16:00:00,33.02,33.12,30.88,31.02,5824355
5/4/2018 16:00:00,31.1,32.2,31.07,31.55,5104481
5/7/2018 16:00:00,31.95,34,31.93,33.17,6006650
5/8/2018 16:00:00,33.83,34.25,32.92,33.12,5501023
5/9/2018 16:00:00,34.38,36.95,34,36.08,21384696
5/10/2018 16:00:00,38.3,38.84,35.15,35.46,30801965
5/11/2018 16:00:00,33.76,35.18,31.78,35.14,12678153
5/14/2018 16:00:00,35.46,36.5,35.12,35.3,5932360
5/15/2018 16:00:00,35,35.1,33.53,34.08,4964961
5/16/2018 16:00:00,34,34.78,33.98,34.44,2364831
5/17/2018 16:00:00,34.05,35.03,34.04,34.26,2639807
5/18/2018 16:00:00,35,36.31,34.92,35.4,6855008
5/21/2018 16:00:00,36.4,36.6,34.56,34.74,4808681
5/22/2018 16:00:00,35.09,35.19,33.87,34.04,3353656
5/23/2018 16:00:00,33.73,34.58,33.62,34.55,2368455
5/24/2018 16:00:00,34.62,36.1,34.6,35.99,5706642
5/25/2018 16:00:00,36.06,39.08,35.65,38.54,21203421
5/29/2018 16:00:00,39.11,39.88,37.62,38.6,13802296
5/30/2018 16:00:00,38.92,39.07,37.31,38.45,7371784
5/31/2018 16:00:00,38.2,38.62,37.35,37.46,4160117
6/1/2018 16:00:00,37.55,37.81,36.14,37.07,6991263
6/4/2018 16:00:00,37.37,38.22,37.13,38.03,5655570
6/5/2018 16:00:00,38.03,40.47,37.7,40.26,10949206
6/6/2018 16:00:00,40,40.2,38.51,39.45,8130791
6/7/2018 16:00:00,38.94,39.64,37.52,39.57,6494310
6/8/2018 16:00:00,39.04,39.75,38.81,39.24,4448194
6/11/2018 16:00:00,39.66,42.15,39.6,41.46,12357835
6/12/2018 16:00:00,41.82,42.15,40.78,41.46,7289539
6/13/2018 16:00:00,41.68,43.9,40.86,43.43,15160750
6/14/2018 16:00:00,44.12,45.81,42.75,45.02,17120433
6/15/2018 16:00:00,43.99,45.1,43.16,43.3,10678610
6/18/2018 16:00:00,43,45.83,42.75,44.93,9400398
6/19/2018 16:00:00,44.3,46.5,44.05,45.27,8568991
6/20/2018 16:00:00,45.91,47.4,45.5,46.75,8876479
6/21/2018 16:00:00,47.2,47.64,44.61,45.37,9306088
6/22/2018 16:00:00,45.9,46.19,43.5,44.71,10590919
6/25/2018 16:00:00,44.14,44.71,41.05,42.01,7337617
6/26/2018 16:00:00,42.18,44.27,41.66,43.99,5184763
6/27/2018 16:00:00,44.62,44.98,41.38,41.42,7715205
6/28/2018 16:00:00,41.16,42.24,40,41.62,6351860
6/29/2018 16:00:00,41.9,42.85,41.85,42.62,3748474
7/2/2018 16:00:00,41.74,43.29,40.55,43.29,3869249
7/3/2018 13:00:00,45.32,46.73,44.13,45.54,12093347
7/5/2018 16:00:00,45.73,46.05,44.25,45.41,7551759
7/6/2018 16:00:00,45,47.27,45,46.7,6260217
7/9/2018 16:00:00,47.13,48.16,45.65,46.33,6654344
7/10/2018 16:00:00,46.4,47.35,45.35,45.99,4687633
7/11/2018 16:00:00,45.48,46.67,44.67,45.91,3825326
7/12/2018 16:00:00,46.23,48.38,45.82,48.31,6107598
7/13/2018 16:00:00,48.13,49.69,47.8,48.76,7995544
7/16/2018 16:00:00,48.51,48.76,47.37,48.26,5685442
7/17/2018 16:00:00,47.2,51.45,47.16,51.39,9910670
7/18/2018 16:00:00,51.13,51.22,49.45,49.5,7600440
7/19/2018 16:00:00,49.5,50.75,49.35,49.79,4174765
7/20/2018 16:00:00,49.8,51.07,49.55,49.77,4561611
7/23/2018 16:00:00,51.26,51.82,49.17,49.74,7900448
7/24/2018 16:00:00,50.02,50.48,46.08,46.91,11126882
7/25/2018 16:00:00,47.02,48.77,46.75,48.71,5351565
7/26/2018 16:00:00,48.01,49.63,47.75,48.64,3075448
7/27/2018 16:00:00,48.89,49.32,47,47.54,3229792
7/30/2018 16:00:00,47.5,47.65,43.59,44.31,6466041
7/31/2018 16:00:00,44.39,45.56,43.41,45.42,4753173
8/1/2018 16:00:00,45.48,45.96,44.76,45.65,2441139
8/2/2018 16:00:00,45.1,46.5,44.85,46.46,2399655
8/3/2018 16:00:00,46.54,47.3,45.6,46.47,2989237
8/6/2018 16:00:00,46.94,48.25,46.06,47.85,4330653
8/7/2018 16:00:00,48.5,48.85,47.1,47.42,3941825
8/8/2018 16:00:00,47.49,47.87,45.87,47.25,13054991
8/9/2018 16:00:00,52.8,57.95,52.31,57.32,39487434
8/10/2018 16:00:00,56.32,60.65,56.1,58.05,22385630
8/13/2018 16:00:00,58.02,58.15,54.42,55.38,15178059
8/14/2018 16:00:00,55.79,58.1,55.41,55.79,11713240
8/15/2018 16:00:00,55.32,56.31,53.61,54.51,7859559
8/16/2018 16:00:00,55.48,58.35,55.17,57.05,10184490
8/17/2018 16:00:00,57,57.57,55.18,56.07,5317273
8/20/2018 16:00:00,55.83,57.75,54.96,57.03,7103735
8/21/2018 16:00:00,57.3,59.98,56.67,58.75,11242273
8/22/2018 16:00:00,58.32,60.31,57.78,59.69,9049827
8/23/2018 16:00:00,60.06,61.27,58.84,60.09,10870940
8/24/2018 16:00:00,60.65,63.53,60.39,63.26,9610001
8/27/2018 16:00:00,64,64.48,62.56,64.1,9602865
8/28/2018 16:00:00,64.11,64.41,62.21,62.99,6333641
8/29/2018 16:00:00,59.09,61.48,58.21,59.92,16081212
8/30/2018 16:00:00,59.56,61.78,59.56,60.68,6768059
8/31/2018 16:00:00,60.37,61.1,58.85,59.49,4753809
9/4/2018 16:00:00,60.54,63.49,60.12,63.2,8341540
9/5/2018 16:00:00,63.06,63.06,58.78,61.35,7545589
9/6/2018 16:00:00,61.33,63.73,60.58,63.6,5510603
9/7/2018 16:00:00,62.75,65.99,62.52,65.23,7759832
9/10/2018 16:00:00,66.5,69.7,64.8,68.71,12169365
9/11/2018 16:00:00,69.3,71.47,68.63,70.98,8278404
9/12/2018 16:00:00,71,71.94,67.25,70.94,9000732
9/13/2018 16:00:00,70,72.18,69.95,70.61,5469639
9/14/2018 16:00:00,70.8,71.98,69.85,71.12,4626628
9/17/2018 16:00:00,70.91,71.15,69.28,69.75,3945942
9/18/2018 16:00:00,69.9,74.25,69.54,72.07,7312071
9/19/2018 16:00:00,72.25,72.37,68.4,70.61,6043224
9/20/2018 16:00:00,71.02,73.33,69.54,72.86,7309533
9/21/2018 16:00:00,73.3,73.8,72,72.45,5191233
9/24/2018 16:00:00,71.68,73.17,70.29,73.07,3890863
9/25/2018 16:00:00,73.1,73.85,71.65,73.03,4249800
9/26/2018 16:00:00,73.2,75.3,73.15,73.34,5238105
9/27/2018 16:00:00,73.75,75.1,73.54,74.74,2436938
9/28/2018 16:00:00,74.54,75.7,72.68,73.03,4791780
10/1/2018 16:00:00,74.82,77.57,74.6,76.48,8453116
10/2/2018 16:00:00,75.02,76.83,71.49,71.64,8319522
10/3/2018 16:00:00,72.67,72.95,70.2,72.57,7931578
10/4/2018 16:00:00,71.77,72.05,66.15,66.82,11991555
10/5/2018 16:00:00,66.6,69.16,64.33,66.94,8800202
10/8/2018 16:00:00,65.8,66.85,62.51,65.64,7326952
10/9/2018 16:00:00,64.34,66.37,63.54,64.5,5120815
10/10/2018 16:00:00,63.97,63.97,56.35,56.45,13585139
10/11/2018 16:00:00,55.55,58.7,54.8,56.08,9105860
10/12/2018 16:00:00,59.44,62.12,58.58,60.41,14209240
10/15/2018 16:00:00,60.2,62.4,59.34,61.69,7870356
10/16/2018 16:00:00,62.51,63.92,60.21,63.66,7637302
10/17/2018 16:00:00,65.3,65.3,60.25,60.84,10876692
10/18/2018 16:00:00,60.32,60.74,56.53,57.01,8286088
10/19/2018 16:00:00,59.34,59.45,53.81,54.09,8761955
10/22/2018 16:00:00,54.53,56.16,53.17,53.91,8460426
10/23/2018 16:00:00,51.45,54.29,49.32,54.09,9144114
10/24/2018 16:00:00,54.06,54.79,50.56,50.74,8156966
10/25/2018 16:00:00,51.19,53.42,51.09,52.05,7002336
10/26/2018 16:00:00,50.67,54.18,50.41,51.82,9263695
10/29/2018 16:00:00,53.46,53.78,49.28,50.47,5794629
10/30/2018 16:00:00,49.7,52.8,49.31,52.26,5603724
10/31/2018 16:00:00,54,56.36,53.75,55.6,5970796
11/1/2018 16:00:00,57,58.45,54.16,57.83,7179657
11/2/2018 16:00:00,57.55,58.7,56.15,57.89,4966540
11/5/2018 16:00:00,57.96,58.5,54.55,56.85,5432411
11/6/2018 16:00:00,56.4,57.96,54.55,55.62,5364335
11/7/2018 16:00:00,56.42,59.18,55.71,58.86,11827646
11/8/2018 16:00:00,51.09,51.46,45.62,45.74,34311195
11/9/2018 16:00:00,45.2,45.39,42.71,43.94,14422201
11/12/2018 16:00:00,43.25,43.69,40.31,41.46,10576009
11/13/2018 16:00:00,41.6,43.39,41.34,42.44,7877340
11/14/2018 16:00:00,43.04,43.95,41.7,43.2,6572697
11/15/2018 16:00:00,43.02,44.83,42.31,44.53,8040320
11/16/2018 16:00:00,43.64,45.68,42.95,44.58,5722140
11/19/2018 16:00:00,44.4,44.55,42.11,42.67,4324592
11/20/2018 16:00:00,39.7,42.56,38.51,40.86,7999048
11/21/2018 16:00:00,42.02,42.48,39.76,40.25,5220172
11/23/2018 13:00:00,39.78,41.08,39.72,39.92,2417763
11/26/2018 16:00:00,40.64,41.43,39.8,41.21,5090833
11/27/2018 16:00:00,40.89,41.97,39.14,39.22,6495250
11/28/2018 16:00:00,39.8,40.07,37.51,38.93,10524807
11/29/2018 16:00:00,38.68,41.45,37.76,40.84,9090562
11/30/2018 16:00:00,40.65,41.54,40.03,40.75,3568516
12/3/2018 16:00:00,43.37,43.37,40.85,42.17,6457636
12/4/2018 16:00:00,41.59,42.48,39.5,39.78,4280805
12/6/2018 16:00:00,38.47,40.84,38.04,40.82,4191371
12/7/2018 16:00:00,40.69,41.48,37.8,37.92,5016994
12/10/2018 16:00:00,37.46,38.4,36.67,37.2,7099221
12/11/2018 16:00:00,38.03,38.2,34.27,35.81,13491557
12/12/2018 16:00:00,35.64,36.93,35.02,35.17,7913297
12/13/2018 16:00:00,35.17,35.78,33.41,33.74,6544754
12/14/2018 16:00:00,33.11,34.81,33,33.42,4521460
12/17/2018 16:00:00,33.49,33.8,31.73,32.12,5649225
12/18/2018 16:00:00,32.15,32.78,31.06,31.34,6371577
12/19/2018 16:00:00,32.03,32.41,30.11,30.61,5750140
12/20/2018 16:00:00,30.21,30.96,28.52,29.66,6234057
12/21/2018 16:00:00,29.4,30.08,27.04,27.28,7210294
12/24/2018 13:00:00,26.62,28.25,26.3,27.17,4558538
12/26/2018 16:00:00,28.9,30.37,27.06,30.35,16972224
12/27/2018 16:00:00,30.51,32.17,28.33,30.46,18877227
12/28/2018 16:00:00,30.8,31.25,29.53,30.16,11221724
12/31/2018 16:00:00,30.85,30.97,29.78,30.64,6875507
1/2/2019 16:00:00,29.82,32.69,29.29,32.52,11890333
1/3/2019 16:00:00,31.87,32.18,29.5,30.1,14989436
1/4/2019 16:00:00,30.68,34.11,30.51,33.73,15505498
1/7/2019 16:00:00,36.83,42.98,36.52,42.18,42253658
1/8/2019 16:00:00,43.98,44.48,37.91,40.88,44167682
1/9/2019 16:00:00,40.39,43.59,39.65,42.1,19848180
1/10/2019 16:00:00,41.11,42.71,40.01,40.16,17148805
1/11/2019 16:00:00,40.15,40.39,38.77,39.57,12528227
1/14/2019 16:00:00,38.89,41.34,38.6,39.46,11192746
1/15/2019 16:00:00,40.03,41.28,39.31,40.49,10322159
1/16/2019 16:00:00,40.68,41.79,38.91,39.89,10778742
1/17/2019 16:00:00,39.56,42.07,39.26,41.63,14000744
1/18/2019 16:00:00,42.05,42.84,40.57,40.98,12690891
1/22/2019 16:00:00,40.21,41.18,39.42,39.91,6386998
1/23/2019 16:00:00,40.32,41.23,39.78,40.44,8159928
1/24/2019 16:00:00,40.41,43.52,40.33,43.29,13235792
1/25/2019 16:00:00,43.5,44,42.07,43.69,11246858
1/28/2019 16:00:00,42.26,43.91,41.27,43.86,9188373
1/29/2019 16:00:00,43.62,45.95,42.32,42.85,15778817
1/30/2019 16:00:00,43.51,44.34,42.9,44.13,7986271
1/31/2019 16:00:00,43.8,46.36,43.63,44.95,8078315
2/1/2019 16:00:00,45.02,45.7,44.51,45.21,5668616
2/4/2019 16:00:00,45.24,50.7,45.22,47.43,28406991
2/5/2019 16:00:00,48.5,49.4,47.17,48.16,11813100
2/6/2019 16:00:00,48.03,48.99,47.6,48.38,6243397
2/7/2019 16:00:00,47.66,47.86,45.01,46.86,10505793
2/8/2019 16:00:00,46.25,48.33,46.01,48.27,6471210
2/11/2019 16:00:00,48.27,48.38,45.02,46.98,13510969
2/12/2019 16:00:00,47.35,49.34,47.02,49.21,9823164
2/13/2019 16:00:00,49.3,50.56,48.9,50.2,7000440
2/14/2019 16:00:00,49.49,52,49.33,50.97,10047617
2/15/2019 16:00:00,51.72,52.23,50.81,52.08,7162276
2/19/2019 16:00:00,52.67,55.27,52.27,53.22,14485571
2/20/2019 16:00:00,54.29,54.49,52.66,53.64,10739940
2/21/2019 16:00:00,53.8,53.9,51.14,51.48,16876332
2/22/2019 16:00:00,55.09,64.92,54.5,64.47,48341723
2/25/2019 16:00:00,64.83,67.43,63.22,64.87,22283393
2/26/2019 16:00:00,63.65,66.97,63.34,65.08,12994362
2/27/2019 16:00:00,65,67.6,64.66,67.37,9676513
2/28/2019 16:00:00,67.92,68,65.28,66.29,8149100
3/1/2019 16:00:00,67.18,69.89,66.76,69.08,10741712
3/4/2019 16:00:00,69.37,69.71,64.63,67.05,15844877
3/5/2019 16:00:00,67.06,69.49,65.6,68.83,9322867
3/6/2019 16:00:00,68.59,72.97,68.17,71.89,15339468
3/7/2019 16:00:00,71.5,72.46,69.54,70.81,9990236
3/8/2019 16:00:00,67.71,72.21,66.57,71.27,11553264
3/11/2019 16:00:00,71.04,74.35,71.04,74.12,9832045
3/12/2019 16:00:00,72.96,73.17,70.53,70.72,11693661
3/13/2019 16:00:00,67.58,69.72,60.13,60.74,38849885
3/14/2019 16:00:00,61.74,63.5,59.63,61.82,23780693
3/15/2019 16:00:00,62.15,63.7,60.4,62.79,12736600
3/18/2019 16:00:00,63.22,65.34,62.61,63.61,10971839
3/19/2019 16:00:00,63.83,65.74,63.05,64.92,10828930
3/20/2019 16:00:00,64.37,65.9,63.37,64.97,6443870
3/21/2019 16:00:00,64.94,67.99,64.84,66.94,7901835
3/22/2019 16:00:00,66.38,67.2,63.26,63.91,8347949
3/25/2019 16:00:00,63.8,69,63.6,66.9,20747682
3/26/2019 16:00:00,68.1,68.47,63.3,64.31,14257182
3/27/2019 16:00:00,63.91,64.99,61.12,62.18,9859517
3/28/2019 16:00:00,62.71,64.84,61.65,64.39,8253736
3/29/2019 16:00:00,65,65.35,63.58,64.51,6211799
4/1/2019 16:00:00,66.2,69.87,65.6,69.11,14424863
4/2/2019 16:00:00,68.58,71.3,67.25,70.64,10053317
4/3/2019 16:00:00,70.86,70.92,68.27,68.6,12867334
4/4/2019 16:00:00,66.92,67,61.91,64.49,25099142
4/5/2019 16:00:00,64.8,65.3,62.56,63.4,10716989
4/8/2019 16:00:00,60.25,61.15,58.35,60.73,24549433
4/9/2019 16:00:00,59.98,61.95,59.07,59.32,13873255
4/10/2019 16:00:00,59.42,59.89,57.31,58.57,11912408
4/11/2019 16:00:00,58.52,60.31,58.07,58.65,9230395
4/12/2019 16:00:00,60.05,60.73,55.88,56.5,13706210
4/15/2019 16:00:00,56.2,57.72,55.91,56.59,8860765
4/16/2019 16:00:00,58.12,59.27,57.01,58.04,13594898
4/17/2019 16:00:00,58.5,59,55.93,56.6,10828190
4/18/2019 16:00:00,55.84,57.34,55.02,56.68,9480683
4/22/2019 16:00:00,56.09,58.28,55.92,58.2,8157645
4/23/2019 16:00:00,60,62.99,59.71,61.53,16577308
4/24/2019 16:00:00,61.32,61.6,59.66,60.97,9040188
4/25/2019 16:00:00,61.02,62.46,60.5,61.04,7675944
4/26/2019 16:00:00,61.12,63.57,60.29,63.44,11456134
4/29/2019 16:00:00,63.7,64.17,61.85,63.28,10486726
4/30/2019 16:00:00,62.84,64.61,62.06,63.59,8045414
5/1/2019 16:00:00,64.4,65.18,63.68,63.69,6873269
5/2/2019 16:00:00,63.52,64.63,62.34,64.39,6196279
5/3/2019 16:00:00,64.8,65.05,63.65,65.02,4597707
5/6/2019 16:00:00,63.05,66.2,62.56,65.75,8644004
5/7/2019 16:00:00,66.89,68.43,63.64,64.41,13991867
5/8/2019 16:00:00,64,65.8,63.81,64.92,12383232
5/9/2019 16:00:00,70,83.35,69,83.17,56746606
5/10/2019 16:00:00,82,86.5,80.87,82.75,25933356
5/13/2019 16:00:00,80.76,84.9,78.86,79.45,22878291
5/14/2019 16:00:00,80.66,83.39,79.67,82.83,10519174
5/15/2019 16:00:00,82.65,84.85,81.59,83.34,10503090
5/16/2019 16:00:00,82.59,84.4,80.61,83.28,11844146
5/17/2019 16:00:00,82.5,87.14,82.35,84.03,16140973
5/20/2019 16:00:00,83.81,85,81.23,83.33,11115105
5/21/2019 16:00:00,83.97,87.65,83.75,87.63,10989382
5/22/2019 16:00:00,87.79,89.35,86.47,88.02,10019420
5/23/2019 16:00:00,87.79,90,86.62,89.98,11658806
5/24/2019 16:00:00,90.5,95.95,90.08,95.78,19017154
5/28/2019 16:00:00,94.15,95.1,87.8,88.83,21523689
5/29/2019 16:00:00,90.58,94.4,90.2,91.8,17458433
5/30/2019 16:00:00,92.33,94.96,90.51,93.34,11605416
5/31/2019 16:00:00,92,93.74,90.06,90.4,10050218
6/3/2019 16:00:00,90.77,92.5,88.92,89.71,10553038
6/4/2019 16:00:00,91,93.72,90.7,93.6,7782680
6/5/2019 16:00:00,97.3,102,96.49,101.71,23470795
6/6/2019 16:00:00,101.17,101.62,98.38,100.25,12868204
6/7/2019 16:00:00,100.76,104.03,100.01,101.87,10603900
6/10/2019 16:00:00,102.38,103,98.46,100.61,10366269
6/11/2019 16:00:00,100.83,101.44,97.71,100.2,10283040
6/12/2019 16:00:00,99.71,105.33,99.5,104.86,12278571
6/13/2019 16:00:00,104.85,105.4,102.54,104.97,7629196
6/14/2019 16:00:00,104.33,106.12,101.98,102.02,7326946
6/17/2019 16:00:00,101.55,104.33,101.01,103.84,5528267
6/18/2019 16:00:00,104.75,104.88,101.17,104.39,6591737
6/19/2019 16:00:00,104.07,106.55,102.73,106.49,5662986
6/20/2019 16:00:00,107.6,108.32,104.08,104.9,6138877
6/21/2019 16:00:00,104.4,104.5,102.4,102.57,4391220
6/24/2019 16:00:00,102.99,103.73,98.68,100.03,7786770
6/25/2019 16:00:00,99.59,99.75,92.51,93.25,12280083
6/26/2019 16:00:00,92.27,95.75,91.57,92.3,8598768
6/27/2019 16:00:00,92.73,94.5,92.45,93.23,5476288
6/28/2019 16:00:00,93.82,94.86,90.19,90.58,11980704
7/1/2019 16:00:00,92.35,94.62,90.6,91.37,5944814
7/2/2019 16:00:00,88.95,93.23,87.34,93.05,12853428
7/3/2019 13:00:00,93.58,94.5,91.67,93.51,7313660
7/5/2019 16:00:00,93.17,98.44,92.51,98.11,12061717
7/8/2019 16:00:00,97.74,104,97.31,103.25,12268306
7/9/2019 16:00:00,102.67,104.44,100.62,103.4,10727311
7/10/2019 16:00:00,104.28,105.89,102.09,103.5,8519337
7/11/2019 16:00:00,103.9,104.9,101.56,104.54,9091835
7/12/2019 16:00:00,104.22,105.45,102.12,102.47,7524214
7/15/2019 16:00:00,102.5,104.39,100.15,104.34,6340012
7/16/2019 16:00:00,104.35,113.44,103.86,111.94,21356595
7/17/2019 16:00:00,112.01,112.79,108.44,109.34,11183913
7/18/2019 16:00:00,107.1,110.57,106.57,109.02,9302051
7/19/2019 16:00:00,109.6,110.3,106.52,106.85,6736162
7/22/2019 16:00:00,107.13,109.23,105.59,108.6,5704450
7/23/2019 16:00:00,108.89,110.69,103.16,104.92,9726893
7/24/2019 16:00:00,104.68,108.18,104.11,107.66,6138626
7/25/2019 16:00:00,107.72,109.51,106.3,106.89,5276766
7/26/2019 16:00:00,107.38,111.53,107.38,110.45,6865401
7/29/2019 16:00:00,110.55,111.84,102.22,105.13,10855535
7/30/2019 16:00:00,104,106.74,102.38,105.76,4762618
7/31/2019 16:00:00,105.76,107.52,101.1,103.33,5292158
8/1/2019 16:00:00,103.66,105.68,99,100.85,5478407
8/2/2019 16:00:00,100.84,102.9,99.29,100.53,4444485
8/5/2019 16:00:00,97.87,102.75,96,102.57,7328656
8/6/2019 16:00:00,103.23,105.2,96.16,98.48,11136249
8/7/2019 16:00:00,98.7,103.84,98.48,100.97,13649070
8/8/2019 16:00:00,118.7,123.45,117.56,122.03,27655457
8/9/2019 16:00:00,121.74,128.2,121.54,125.32,14591452
8/12/2019 16:00:00,129.86,136.55,129.43,134.3,19614335
8/13/2019 16:00:00,137.2,142.1,133.96,135.33,20273219
8/14/2019 16:00:00,132.45,134.36,128.76,130.57,11600681
8/15/2019 16:00:00,133,133.94,128.27,129.4,9053574
8/16/2019 16:00:00,131.01,131.9,127.06,131.04,6368413
8/19/2019 16:00:00,132.34,135.8,128.4,134.96,9345713
8/20/2019 16:00:00,134.49,137.96,133.15,134.26,6655345
8/21/2019 16:00:00,135.12,140.45,134.34,138.58,8211885
8/22/2019 16:00:00,138.25,139.48,135.85,139.14,6603220
8/23/2019 16:00:00,137.76,143.36,136.95,137.74,11347155
8/26/2019 16:00:00,140.08,145,139.14,143.01,11156073
8/27/2019 16:00:00,144.89,147.75,141.21,147.02,19435392
8/28/2019 16:00:00,146.08,147.43,143.3,145.89,9592996
8/29/2019 16:00:00,148,150.1,146.36,149.88,10435053
8/30/2019 16:00:00,150.98,153.29,148.29,151.36,10530270
9/3/2019 16:00:00,150.86,157.22,150.18,156.88,12616888
9/4/2019 16:00:00,161.49,169.7,158.55,168.91,28523785
9/5/2019 16:00:00,167.69,169.45,160.28,166.93,23419327
9/6/2019 16:00:00,165.47,170.97,164.85,169.86,14892281
9/9/2019 16:00:00,173.6,176.55,159.8,161.03,23942095
9/10/2019 16:00:00,157.22,158.8,139.53,144.14,34820480
9/11/2019 16:00:00,146.55,149.94,141.56,149.76,18660055
9/12/2019 16:00:00,150,152.79,145.82,147.78,14002034
9/13/2019 16:00:00,146.66,148.7,143.08,147.55,9256540
9/16/2019 16:00:00,146.97,152.85,146.03,149.54,11942246
9/17/2019 16:00:00,150.25,152.37,146.42,150.52,11182327
9/18/2019 16:00:00,143.6,145.75,127.79,129.88,38239045
9/19/2019 16:00:00,127.81,134.88,127,133.76,25298957
9/20/2019 16:00:00,127.39,127.41,103.62,108.05,65016349
9/23/2019 16:00:00,108.55,111.79,105.68,107.37,28340143
9/24/2019 16:00:00,108.39,110.38,98.65,103.53,37250842
9/25/2019 16:00:00,104.92,107.26,102.31,106.3,21048965
9/26/2019 16:00:00,106.49,106.9,100.45,103.34,16078416
9/27/2019 16:00:00,103.33,103.74,98.08,99.74,17550647
9/30/2019 16:00:00,99.4,103.09,98.69,101.76,13667341
10/1/2019 16:00:00,101.96,105.55,100.4,102.4,16603369
10/2/2019 16:00:00,100.91,105.08,99.98,102.62,15046503
10/3/2019 16:00:00,104.01,109.2,101.55,108.84,22698275
10/4/2019 16:00:00,109.05,109.25,104.27,106.77,20940468
10/7/2019 16:00:00,107.8,110.62,104.71,106.25,21165122
10/8/2019 16:00:00,105.43,109.58,104.26,108,13903293
10/9/2019 16:00:00,112.01,118.22,110.69,117.79,28476593
10/10/2019 16:00:00,118.12,121.7,115.28,116.13,26167890
10/11/2019 16:00:00,123.92,124.02,119.6,121.6,23218928
10/14/2019 16:00:00,120.58,122.1,117.8,119.12,14498592
10/15/2019 16:00:00,123.18,132.95,122.53,132.82,26623532
10/16/2019 16:00:00,132.83,134.28,127.81,132.5,22426091
10/17/2019 16:00:00,131.94,139.59,130.14,139.07,20090073
10/18/2019 16:00:00,137.39,139.07,124.79,129.94,32463525
10/21/2019 16:00:00,128.75,135.35,128.21,133.03,16408273
10/22/2019 16:00:00,132.81,136.7,127.02,129.06,17122369
10/23/2019 16:00:00,129,131.87,127.02,128.76,10702324
10/24/2019 16:00:00,128.33,131.88,126.41,131.22,10597875
10/25/2019 16:00:00,129.15,134.1,127.3,133.74,11485718
10/28/2019 16:00:00,137,148.17,136.4,146.88,24073203
10/29/2019 16:00:00,146.1,149.51,143.68,147.24,16095056
10/30/2019 16:00:00,147.74,151.48,146.84,149.43,10916474
10/31/2019 16:00:00,149.43,151.3,143.36,147.2,13249348
11/1/2019 16:00:00,148.44,148.7,143.41,146.5,10946604
11/4/2019 16:00:00,147.15,148.85,137.45,140.51,20088781
11/5/2019 16:00:00,140.47,142.65,136.71,139.57,11789376
11/6/2019 16:00:00,138.65,143.95,136.81,141.05,21711916
11/7/2019 16:00:00,118.75,128.38,116.26,118.46,52683911
11/8/2019 16:00:00,119.2,123.56,118.7,121.94,19221268
11/11/2019 16:00:00,120.8,129.55,120.28,129.21,20702973
11/12/2019 16:00:00,130.08,135.8,130.08,135.35,24287753
11/13/2019 16:00:00,134.48,142.45,133.06,142.37,20654068
11/14/2019 16:00:00,142,150.04,141.19,148.7,26222960
11/15/2019 16:00:00,151.7,158.23,149.8,157.3,26600096
11/18/2019 16:00:00,157.3,165.1,153.56,160.12,27647305
11/19/2019 16:00:00,153.45,158,147.51,153.91,31464765
11/20/2019 16:00:00,152.21,160.99,151.17,158.93,26617634
11/21/2019 16:00:00,159.7,163.33,154.13,155.91,21586341
11/22/2019 16:00:00,158.6,160.58,154.56,158.75,14853064
11/25/2019 16:00:00,160.76,162.47,157.51,158.08,14386881
11/26/2019 16:00:00,158.95,164.42,157.6,164.28,16055738
11/27/2019 16:00:00,167.05,168.85,159.61,161.64,19115503
11/29/2019 13:00:00,160.88,163.44,159.3,160.37,7526777
12/2/2019 16:00:00,145.85,146.68,132.4,136.07,48174442
12/3/2019 16:00:00,138.06,145.89,136.52,144.63,27532305
12/4/2019 16:00:00,149,151.97,144.05,150.58,26260113
12/5/2019 16:00:00,152.47,153.35,147.55,148.34,15842541
12/6/2019 16:00:00,148.6,149.79,143.13,144.26,15788457
12/9/2019 16:00:00,143.95,148.03,143.61,145.54,12591960
12/10/2019 16:00:00,146.4,149.27,145.3,147.09,11143151
12/11/2019 16:00:00,147.98,148.72,144.67,145.7,9539369
12/12/2019 16:00:00,144.73,144.88,136.81,139.57,16739131
12/13/2019 16:00:00,138.3,142.84,132.16,132.49,17473034
12/16/2019 16:00:00,134,138.51,127.53,138.35,19700732
12/17/2019 16:00:00,136.49,137.74,132.8,135.28,16017918
12/18/2019 16:00:00,136.03,137.59,133.93,134.44,9450115
12/19/2019 16:00:00,134.39,141,133.8,137.73,13771988
12/20/2019 16:00:00,140.14,141.87,136.35,136.89,12726697
12/23/2019 16:00:00,137.01,141.25,136.08,140.14,10815806
12/24/2019 13:00:00,141.3,146.72,140.5,145.57,11084699
12/26/2019 16:00:00,146.69,149.49,143.82,144.6,14677300
12/27/2019 16:00:00,144.94,145.1,139,139.52,13326949
12/30/2019 16:00:00,137.5,138.75,130.6,131.6,14494280
12/31/2019 16:00:00,128.75,134.85,127.22,133.9,13780356
1/2/2020 16:00:00,135.99,137.33,133.58,137.1,9941860
1/3/2020 16:00:00,134.51,138.89,134,137.51,8645170
1/6/2020 16:00:00,136.26,144.55,135.75,143.37,14432742
1/7/2020 16:00:00,144.01,144.23,137.91,138.19,11779530
1/8/2020 16:00:00,137.11,137.93,132.85,134.64,11314840
1/9/2020 16:00:00,135.67,138.77,131.24,133.79,12642458
1/10/2020 16:00:00,132.64,133,128.1,128.4,13453463
1/13/2020 16:00:00,130.23,135,126.3,133.93,18471279
1/14/2020 16:00:00,134.04,137.13,131.12,133.42,11165066
1/15/2020 16:00:00,132.87,136.06,132.13,132.5,7642676
1/16/2020 16:00:00,132.87,134.27,128.4,131.07,11227325
1/17/2020 16:00:00,131.25,131.6,128.38,130.38,9173506
1/21/2020 16:00:00,132.15,137.5,131.23,136.63,12801124
1/22/2020 16:00:00,137.52,140.5,132.31,132.43,11829947
1/23/2020 16:00:00,132.18,134.99,129.55,134.07,8818755
1/24/2020 16:00:00,133.92,135.66,128.79,130.09,8488058
1/27/2020 16:00:00,127.53,128.52,123.78,126.21,9239393
1/28/2020 16:00:00,127.3,130.29,125.01,129.61,8173072
1/29/2020 16:00:00,130.44,131.8,128.62,128.88,5818648
1/30/2020 16:00:00,127.56,130.88,126.8,130.64,4472493
1/31/2020 16:00:00,129.1,129.53,120.35,120.95,16948043
2/3/2020 16:00:00,123.9,129.48,123.2,127.5,10128884
2/4/2020 16:00:00,129.1,132.79,128.77,131.03,7994370
2/5/2020 16:00:00,133.46,133.51,125.02,125.94,8797366
2/6/2020 16:00:00,126.4,129.02,124.23,126.16,6425818
2/7/2020 16:00:00,126.3,127.6,123.9,124.25,5447809
2/10/2020 16:00:00,124.99,133.37,124.8,132.21,13483879
2/11/2020 16:00:00,135.71,142.45,134.1,137,19907973
2/12/2020 16:00:00,140.28,141.3,137.03,138.29,12578188
2/13/2020 16:00:00,139.5,141.71,138.36,139.05,20641428
2/14/2020 16:00:00,149.19,151.2,127.4,130.25,63567842
2/18/2020 16:00:00,131.66,133.55,125.24,127.15,19482375
2/19/2020 16:00:00,129.22,131.6,126.4,126.56,17247330
2/20/2020 16:00:00,127.25,127.79,121.12,124.08,15397007
2/21/2020 16:00:00,122.95,123.75,118.24,119.38,12571066
2/24/2020 16:00:00,110.3,118,108.05,116.99,16435534
2/25/2020 16:00:00,119.48,120.49,113.06,118.67,14532957
2/26/2020 16:00:00,118.29,119.36,112.33,112.71,9769336
2/27/2020 16:00:00,106.88,115.2,105.57,110.03,15852128
2/28/2020 16:00:00,107,114.12,106,113.67,12392755
3/2/2020 16:00:00,115.49,116.16,111.33,114.67,9298131
3/3/2020 16:00:00,113.98,114.75,106.42,108.62,11612323
3/4/2020 16:00:00,110.01,110.45,105.65,109.61,8881232
3/5/2020 16:00:00,108.2,110.08,105.66,106.44,8623366
3/6/2020 16:00:00,104.35,105.3,98.6,102.02,11841524
3/9/2020 16:00:00,91,101.95,90.4,96.26,10503215
3/10/2020 16:00:00,101.06,101.06,92.75,97.3,9694177
3/11/2020 16:00:00,96.38,97.35,89.15,90.63,8764425
3/12/2020 16:00:00,80.65,86.64,78.8,78.81,13580474
3/13/2020 16:00:00,82.71,83.48,74.25,80.95,11943993
3/16/2020 16:00:00,74.7,76.47,63.59,63.84,14455803
3/17/2020 16:00:00,60.3,75.79,58.22,69.46,24859201
3/18/2020 16:00:00,64.79,74.85,61.5,67.5,19522017
3/19/2020 16:00:00,69.47,75.54,67.22,74.12,13199827
3/20/2020 16:00:00,76.52,80.08,73.16,76.13,13755047
3/23/2020 16:00:00,77.37,90.44,74.77,89.46,18705860
3/24/2020 16:00:00,96.5,101.78,92.1,97.2,17774347
3/25/2020 16:00:00,97.85,100,88.88,94.85,15629748
3/26/2020 16:00:00,93.2,96.44,87,89.75,15247800
3/27/2020 16:00:00,87.4,89.5,83.13,87.45,9820742
3/30/2020 16:00:00,88.95,90.85,86.15,89.61,7899543
3/31/2020 16:00:00,89.16,94.7,87.08,87.48,9175507
4/1/2020 16:00:00,84.98,86.5,81.64,82.42,8694551
4/2/2020 16:00:00,81.41,84.62,80.75,82.53,5268774
4/3/2020 16:00:00,82.28,83.34,79.38,81.46,4738109
4/6/2020 16:00:00,83.71,90.44,83.5,89.49,7148433
4/7/2020 16:00:00,92.85,93.68,86.56,87.8,6192990
4/8/2020 16:00:00,88.9,92.15,87.52,87.81,6446886
4/9/2020 16:00:00,90.1,94.1,89.13,92.45,7271763
4/13/2020 16:00:00,92.5,96.8,91.07,96.56,8648443
4/14/2020 16:00:00,107.99,108.6,102.42,106.53,22987861
4/15/2020 16:00:00,102.42,114.32,101.97,113,18210721
4/16/2020 16:00:00,117,132.4,115.1,128,38289480
4/17/2020 16:00:00,123.68,128.01,118.56,126.8,20691751
4/20/2020 16:00:00,127.85,135.47,127.35,130.04,18823122
4/21/2020 16:00:00,131.75,132.74,118.12,123.56,19014497
4/22/2020 16:00:00,124.43,125.73,119.25,122.19,12271221
4/23/2020 16:00:00,123,128.4,122.21,123.06,11360861
4/24/2020 16:00:00,124.86,126.02,121.64,124.83,7635995
4/27/2020 16:00:00,126.3,130.36,125.32,128.63,6580570
4/28/2020 16:00:00,126.05,127.26,118.51,119.36,13001587
4/29/2020 16:00:00,119.19,122.86,116.65,119.52,8984944
4/30/2020 16:00:00,119.17,124.5,118.7,121.23,8027682
5/1/2020 16:00:00,119.55,122,111.36,114.02,9717854
5/4/2020 16:00:00,113.46,124.33,112.69,124.3,14551633
5/5/2020 16:00:00,126.3,126.77,121.77,123.49,9657805
5/6/2020 16:00:00,123.54,128.95,122.51,127.52,10567091
5/7/2020 16:00:00,131.2,138.79,130.28,137.5,22127781
5/8/2020 16:00:00,125.57,133.67,124.35,126.66,29648136
5/11/2020 16:00:00,125.02,132.88,124.6,132.18,14463853
5/12/2020 16:00:00,132.69,134.98,126.68,127.16,11524266
5/13/2020 16:00:00,128.28,128.55,114.6,117.56,18672264
5/14/2020 16:00:00,117.5,120.7,115.06,116.6,12161100
5/15/2020 16:00:00,115.82,116.79,112.48,112.93,9708498
5/18/2020 16:00:00,114.53,120.09,114.52,118.45,9362843
5/19/2020 16:00:00,118.87,119.99,115.03,116.02,6676783
5/20/2020 16:00:00,118.5,119.92,114.25,117.04,8665556
5/21/2020 16:00:00,116.36,116.56,112.07,114.7,7715740
5/22/2020 16:00:00,111.63,114.4,107.62,108.51,11992019
5/26/2020 16:00:00,110.21,111.66,107.3,107.59,8255852
5/27/2020 16:00:00,107.34,109.09,101.56,106.56,7960772
5/28/2020 16:00:00,105.63,110.84,104.88,109.2,7472425
5/29/2020 16:00:00,109.85,112.12,107.31,109.51,6830394
6/1/2020 16:00:00,109.17,114.2,108.4,112.95,6974119
6/2/2020 16:00:00,113.72,114.38,108.87,110.82,6356971
6/3/2020 16:00:00,111,111.35,103.9,103.96,13477493
6/4/2020 16:00:00,104,107.75,101.8,102.93,11763664
6/5/2020 16:00:00,103.95,104.5,100.19,104.38,10496236
6/8/2020 16:00:00,105.53,113.02,103.97,112.95,9120362
6/9/2020 16:00:00,112.44,115.17,108.6,113.25,9760459
6/10/2020 16:00:00,114.49,116.28,110.22,113.8,8123735
6/11/2020 16:00:00,108.69,114.92,106.24,106.95,8314027
6/12/2020 16:00:00,108.81,110.16,105.3,108.07,7460366
6/15/2020 16:00:00,107.17,107.64,103.94,107.49,5940034
6/16/2020 16:00:00,109.81,120.85,107.7,120.81,17193425
6/17/2020 16:00:00,119.48,123.1,115.78,117.32,14462364
6/18/2020 16:00:00,117.75,129.19,117.73,127.79,19343497
6/19/2020 16:00:00,128.17,132.17,124.75,128.5,18937186
6/22/2020 16:00:00,129.5,134.81,128.51,129.78,13285637
6/23/2020 16:00:00,131,132.42,127.33,127.88,8997654
6/24/2020 16:00:00,127.13,129.93,120.42,123.35,8242087
6/25/2020 16:00:00,123,125,120.57,123.6,4810116
6/26/2020 16:00:00,124.82,126.55,120.26,122.55,7984056
6/29/2020 16:00:00,122.4,123.21,112.11,115.05,12073777
6/30/2020 16:00:00,115.1,117.87,113.88,116.53,5845926
7/1/2020 16:00:00,117.3,129.44,116.35,128.39,15001827
7/2/2020 16:00:00,128.47,132.5,125.2,128.65,12158069
7/6/2020 16:00:00,130.86,135.97,128.66,132.03,10413884
7/7/2020 16:00:00,131.69,135.81,129.4,130.42,7458937
7/8/2020 16:00:00,131.88,135.14,130.7,133.76,6408142
7/9/2020 16:00:00,136.5,149.98,136.28,149.69,25309442
7/10/2020 16:00:00,147.82,159.88,147.26,153.05,24628168
7/13/2020 16:00:00,158.99,166.18,147.42,149.06,18541457
7/14/2020 16:00:00,149.51,156.36,142.15,150.36,12712257
7/15/2020 16:00:00,150.98,155.88,147.59,154.21,9203160
7/16/2020 16:00:00,152.72,157.28,149.48,153.31,8910187
7/17/2020 16:00:00,150.99,153.71,147.95,148.36,6527409
7/20/2020 16:00:00,148.78,151.63,146.58,150.46,6177844
7/21/2020 16:00:00,152.78,159.06,150.22,153.36,9381667
7/22/2020 16:00:00,153.53,156,150.82,152.17,3576100
7/23/2020 16:00:00,152.22,158.47,148.04,150.16,7138757
7/24/2020 16:00:00,147.24,153.1,145.17,151.17,4891509
7/27/2020 16:00:00,153.34,156.58,151.55,155.97,5140619
7/28/2020 16:00:00,154.39,155.95,148.5,148.75,5496831
7/29/2020 16:00:00,150,154.42,149.2,151.57,4599213
7/30/2020 16:00:00,150.16,154.02,149.24,150.35,3458186
7/31/2020 16:00:00,153.61,158.27,151.12,154.89,8087277
8/3/2020 16:00:00,158.36,163.42,156.62,161.82,8886606
8/4/2020 16:00:00,164.23,168.15,163.31,166.44,8704308
8/5/2020 16:00:00,164.85,169.14,163.75,165.42,12796111
8/6/2020 16:00:00,159.57,160.5,150.05,153.87,19647035
8/7/2020 16:00:00,154.45,164.73,153.39,156.39,15904116
8/10/2020 16:00:00,157.42,157.79,147.56,150.41,6280343
8/11/2020 16:00:00,149.28,152.25,143.21,146.41,5630840
8/12/2020 16:00:00,151.45,153.85,146.66,146.98,10277180
8/13/2020 16:00:00,148.62,152.01,146.81,149.97,5544661
8/14/2020 16:00:00,150.85,152.5,146.2,146.85,3854973
8/17/2020 16:00:00,147.77,148.27,143.36,145.71,4907425
8/18/2020 16:00:00,147.3,152.19,146.51,149.85,5945820
8/19/2020 16:00:00,149,150.89,146.17,147.37,4333671
8/20/2020 16:00:00,147.31,151.89,146.42,148.89,4492910
8/21/2020 16:00:00,148.95,150.56,146.6,147.13,3544280
8/24/2020 16:00:00,149.5,149.7,145.6,148.58,4350896
8/25/2020 16:00:00,148,148.72,145.86,147.77,3577572
8/26/2020 16:00:00,151.61,167.17,151.13,164.28,17714783
8/27/2020 16:00:00,162.59,166.15,157.86,160.97,7424980
8/28/2020 16:00:00,162,177.54,161.5,172.85,26709825
8/31/2020 16:00:00,172.51,175.51,168.06,173.48,10227085
9/1/2020 16:00:00,177,185.44,176.63,179.27,10575667
9/2/2020 16:00:00,183.76,183.76,171.03,178.32,8279562
9/3/2020 16:00:00,172.18,176.48,165.08,166.9,8175479
9/4/2020 16:00:00,165,167.42,150.38,159.91,7218555
9/8/2020 16:00:00,155.08,170.44,155,162.63,11271261
9/9/2020 16:00:00,166.07,166.8,159.08,161.18,6125401
9/10/2020 16:00:00,162.24,168.6,158.93,159.44,5310831
9/11/2020 16:00:00,160.75,161.5,152.62,155.46,5037086
9/14/2020 16:00:00,157.06,160.2,155.4,157.73,5009864
9/15/2020 16:00:00,162.72,170.44,161.77,168.52,10223589
9/16/2020 16:00:00,168,174.19,167.71,169.99,8092496
9/17/2020 16:00:00,165.86,168.13,161.36,164.67,6320792
9/18/2020 16:00:00,165.23,165.78,157.54,160.47,9286668
9/21/2020 16:00:00,166.05,189.8,163.54,188.82,35514976
9/22/2020 16:00:00,187.38,195.36,182.5,193.79,20693156
9/23/2020 16:00:00,193.49,200.73,185,187.25,18585117
9/24/2020 16:00:00,183.57,184.97,177.68,178.27,10836107
9/25/2020 16:00:00,182.67,186.96,176.63,182.43,8288036
9/28/2020 16:00:00,185,189.01,181.66,186.29,5653581
9/29/2020 16:00:00,186.2,190.34,183.22,187.87,6243442
9/30/2020 16:00:00,187.89,193.55,185.86,188.8,6795956
10/1/2020 16:00:00,192.83,200.47,192.7,200.34,9732140
10/2/2020 16:00:00,195.37,203.56,194.8,200,7415315
10/5/2020 16:00:00,201.39,204.94,197.95,204.16,5171513
10/6/2020 16:00:00,203.76,208.96,202.66,204.83,5504880
10/7/2020 16:00:00,207.95,214.26,207.5,212.55,5165809
10/8/2020 16:00:00,221.96,228.33,219.33,223.84,12767712
10/9/2020 16:00:00,226.05,226.83,221.63,223.95,7254511
10/12/2020 16:00:00,226.2,227,221.35,221.68,5775833
10/13/2020 16:00:00,221.1,239.14,219.02,238.58,8305730
10/14/2020 16:00:00,237.35,238.33,228.79,233.05,6624592
10/15/2020 16:00:00,225,230.07,223.65,226.47,4741012
10/16/2020 16:00:00,227.66,231.44,222.19,222.32,4021691
10/19/2020 16:00:00,223.71,228.62,220.18,222.14,4396241
10/20/2020 16:00:00,223.63,224.98,217.23,218.4,3742486
10/21/2020 16:00:00,218,227.49,216.27,222.78,5073563
10/22/2020 16:00:00,223.49,229.45,218.9,222.36,3500152
10/23/2020 16:00:00,223.3,224.88,218.5,223.96,2170843
10/26/2020 16:00:00,223.63,229.55,216.74,218.42,3136753
10/27/2020 16:00:00,219.74,226.5,217.18,225.07,2773391
10/28/2020 16:00:00,222,224.96,215.64,217.4,2172579
10/29/2020 16:00:00,219.8,221.58,214.63,217.93,2383402
10/30/2020 16:00:00,217.1,218.13,200.45,202.4,4607977
11/2/2020 16:00:00,205.66,212.8,203.71,206.88,3512040
11/3/2020 16:00:00,208.55,209.31,196.52,203.49,6691535
11/4/2020 16:00:00,208.13,215.72,205.04,215.68,3584230
11/5/2020 16:00:00,221.98,226.59,217.12,225.06,7754541
11/6/2020 16:00:00,235.99,255.66,228.89,253.36,16526943
11/9/2020 16:00:00,231.56,240.88,220.88,221.91,11659328
11/10/2020 16:00:00,227.84,228.2,207.5,216.98,7618350
11/11/2020 16:00:00,220.01,232.08,217.69,231.43,7432963
11/12/2020 16:00:00,231.24,236.65,227.61,230.9,5072354
11/13/2020 16:00:00,232.59,236.44,225,228.1,4185375
11/16/2020 16:00:00,222.2,232.89,220.6,232.7,2971567
11/17/2020 16:00:00,233,242.46,232.2,237.13,5169420
11/18/2020 16:00:00,235.88,239.19,231.5,231.99,2751930
11/19/2020 16:00:00,236.16,257.49,235.6,255.67,12021959
11/20/2020 16:00:00,257.09,265.97,254.79,263.14,6669636
11/23/2020 16:00:00,270,279.5,268.6,276.58,7852603
11/24/2020 16:00:00,279.5,284,268.14,273.01,6320929
11/25/2020 16:00:00,275,278.78,270.77,278.06,3135167
11/27/2020 13:00:00,279.7,280.6,273.01,275.34,2480944
11/30/2020 16:00:00,275.39,293.65,274.28,293.57,6194160
12/1/2020 16:00:00,290.5,292.81,279.38,285.71,4516199
12/2/2020 16:00:00,281.44,284.53,273.79,281.33,3117781
12/3/2020 16:00:00,281.96,292.1,281.55,289.1,3190531
12/4/2020 16:00:00,290.19,298.13,286,296.38,3748607
12/7/2020 16:00:00,295.65,302.62,289,299.98,3803044
12/8/2020 16:00:00,299.98,307.63,297.25,306.13,2605089
12/9/2020 16:00:00,315.11,328.74,303.16,306.23,9820728
12/10/2020 16:00:00,301,322.09,300.07,321.99,4435928
12/11/2020 16:00:00,321,331.87,316.9,330.87,5441740
12/14/2020 16:00:00,333,336.17,319.37,324.32,4124703
12/15/2020 16:00:00,325.41,331.1,319.01,320.14,3372550
12/16/2020 16:00:00,321.2,327.96,320.27,325.82,3349706
12/17/2020 16:00:00,346.65,352.12,326.5,329.48,14082093
12/18/2020 16:00:00,331.98,343.6,329.48,340.71,6843490
12/21/2020 16:00:00,344,358.79,341.54,354,6435198
12/22/2020 16:00:00,356.33,361.68,344.48,354.71,5475292
12/23/2020 16:00:00,355,361.04,344.21,360.56,3781622
12/24/2020 13:00:00,360.17,363.44,355.13,356.99,1846127
12/28/2020 16:00:00,359.5,361,339.12,340.41,4726524
12/29/2020 16:00:00,339.96,344.94,332.05,339.57,3639140
12/30/2020 16:00:00,339.17,344.44,333.5,338.74,3215275
12/31/2020 16:00:00,337.5,339.91,330.82,332.02,2086364
1/4/2021 16:00:00,339.98,340,316.46,317.9,4919713
1/5/2021 16:00:00,320.8,335.38,320.5,335.18,4506492
1/6/2021 16:00:00,325.04,347.95,320.21,342.95,7546926
1/7/2021 16:00:00,352.01,379.39,352,379.29,8091042
1/8/2021 16:00:00,391.35,402.85,387.18,399.13,8410817
1/11/2021 16:00:00,390.3,416.22,390.03,403.13,5850650
1/12/2021 16:00:00,407.9,419.75,405.56,415.29,4766175
1/13/2021 16:00:00,419.3,423,404.5,408.6,4036917
1/14/2021 16:00:00,410.81,422.52,410.11,418.46,3416864
1/15/2021 16:00:00,418,425.99,407.09,408.3,3365868
1/19/2021 16:00:00,420.73,438.36,420.09,434.14,6043327
1/20/2021 16:00:00,442.82,448.17,425.6,428.5,4352990
1/21/2021 16:00:00,429.31,431,418.89,423.64,3272740